{"cameraMode":{"drawMode":0,"name":"Shaded","section":"Shading Mode"},"sceneLighting":false,"audioPlay":false,"sceneViewState":{"m_AlwaysRefresh":false,"showFog":true,"showSkybox":true,"showFlares":true,"showImageEffects":true,"showParticleSystems":true,"showVisualEffectGraphs":true,"m_FxEnabled":true},"in2DMode":false,"pivot":{"x":0.15094894170761109,"y":0.19571617245674134,"z":-0.47151440382003786},"rotation":{"x":-0.07653860747814179,"y":-0.07113213837146759,"z":0.005474335979670286,"w":-0.994512140750885},"size":1.9703867435455323,"orthographic":false}